{
  "mean": [
    29.111295681063122,
    29.093023255813954,
    29.02159468438538,
    28.92691029900332,
    28.900332225913623,
    28.91860465116279,
    28.99529346622367,
    2.022312034920541,
    26.24750830564784,
    32.12956810631229,
    5.152547065337762,
    32.17109634551495,
    24.573111719433484
  ],
  "scale": [
    3.5604749742331876,
    3.8095854575351176,
    3.614459533977726,
    3.7079388775340547,
    3.6889031613942014,
    3.8083252978962157,
    2.8366578757246677,
    1.2476264917325623,
    2.483875328715615,
    4.421687281809852,
    1.0106638727745731,
    4.94208603857161,
    4.431287855683031
  ],
  "feature_names": [
    "cycle_1",
    "cycle_2",
    "cycle_3",
    "cycle_4",
    "cycle_5",
    "cycle_6",
    "mean",
    "std",
    "min",
    "max",
    "period_length",
    "age",
    "bmi"
  ]
}