{
  "mae": 3.5372888264971682,
  "mse": 26.87315858136352,
  "rmse": 5.183932733105583,
  "within_1_day": 20.76923076923077,
  "within_2_days": 43.07692307692308,
  "within_3_days": 57.692307692307686
}